Model,Accuracy,Precision,Recall,F1-Score
Logistic Regression,0.8204400283889283,0.6932907348242812,0.5802139037433155,0.6317321688500728
Random Forest,0.801277501774308,0.6666666666666666,0.5026737967914439,0.573170731707317
